Name,Score
Sean C. Adelberg,0.9080739955264298
Chris Yates,0.8835565382673183
Amithabh Roy,0.8817244135835984
Murtaza Kachwala,0.8809772902933316
Daniela Bruno,0.869516399849229
